Model,country,MAE mediu,RMSE
Dummy Mean,Albania,3.161813550135503,3.6719502207356203
Dummy Mean,Austria,9.549132249322495,9.56855333240354
Dummy Mean,Belarus,12.127532249322497,12.13497847951768
Dummy Mean,Belgium,2.2011322493224936,2.383889707811061
Dummy Mean,Bosnia and Herzegovina,13.684067750677503,13.75451446635366
Dummy Mean,Bulgaria,5.543532249322494,5.649881736751533
Dummy Mean,Croatia,1.9087864498645004,2.048728895431258
Dummy Mean,Cyprus,9.057732249322495,9.201268980983912
Dummy Mean,Czechia,6.390932249322494,6.4363159816334585
Dummy Mean,Denmark,13.502732249322497,13.540427746452245
Dummy Mean,Estonia,14.183332249322495,14.345230912560158
Dummy Mean,Finland,14.172732249322502,14.223711835206238
Dummy Mean,France,6.035132249322494,6.185582933468146
Dummy Mean,Germany,11.482932249322495,11.497102897796932
Dummy Mean,Greece,3.2532677506775043,3.4933260394068957
Dummy Mean,Hungary,7.666132249322494,7.839391929486774
Dummy Mean,Iceland,19.836732249322495,19.861787837234367
Dummy Mean,Ireland,6.130332249322494,6.63834148918865
Dummy Mean,Italy,7.397867750677504,7.468744192735096
Dummy Mean,Latvia,11.009132249322498,11.045870334340913
Dummy Mean,Lithuania,13.675732249322493,13.677052734970324
Dummy Mean,Luxembourg,5.758932249322494,5.861338094009476
Dummy Mean,Malta,4.846932249322497,5.863511151990966
Dummy Mean,Moldova,8.8505322493225,8.928234435558778
Dummy Mean,Montenegro,5.687840650406502,6.7313818054760635
Dummy Mean,Netherlands,17.024732249322494,17.048634394611238
Dummy Mean,North Macedonia,9.945267750677505,9.977536328807126
Dummy Mean,Norway,14.268332249322498,14.26943989850535
Dummy Mean,Poland,3.057732249322491,3.6853123976871727
Dummy Mean,Portugal,9.695532249322499,9.781482742286702
Dummy Mean,Romania,8.070667750677504,8.188460452479811
Dummy Mean,Russian Federation,6.773332249322498,6.851736509798969
Dummy Mean,Serbia,2.3999864498644983,2.600643684389278
Dummy Mean,Slovak Republic,6.178532249322494,6.759539288732486
Dummy Mean,Slovenia,8.993532249322495,9.007811041513012
Dummy Mean,Spain,5.543332249322494,5.635369931635259
Dummy Mean,Sweden,17.567132249322498,17.579445407213118
Dummy Mean,Switzerland,16.604132249322493,16.60545424590942
Dummy Mean,Turkiye,25.377067750677504,25.46303823235704
Dummy Mean,Ukraine,1.3104010840108369,1.403934669609784
Dummy Mean,United Kingdom,10.163732249322495,10.166065797343537
Extra Trees,Albania,6.246670360993636,7.068350889692395
Extra Trees,Austria,1.630153195866012,1.6582773430245479
Extra Trees,Belarus,4.568339731599923,4.664451026635294
Extra Trees,Belgium,2.6721272010912287,2.7076617101953704
Extra Trees,Bosnia and Herzegovina,3.863116430965897,4.002011033037547
Extra Trees,Bulgaria,1.0870675676444677,1.3442384201865374
Extra Trees,Croatia,4.342848123913521,4.475768715128508
Extra Trees,Cyprus,2.3220430989443828,2.8827437131546456
Extra Trees,Czechia,0.8622288308806219,1.0240518788668653
Extra Trees,Denmark,1.0339710478206114,1.186620585945577
Extra Trees,Estonia,5.24208453943001,5.773091922734399
Extra Trees,Finland,2.6355225492239724,2.892035145837281
Extra Trees,France,1.50802862438058,1.7707049333756704
Extra Trees,Germany,0.806550511414045,1.1413491044539001
Extra Trees,Greece,1.5691858391750373,1.702605648092593
Extra Trees,Hungary,3.87570175075102,4.156625631881201
Extra Trees,Iceland,3.4947338009631097,4.660759677584109
Extra Trees,Ireland,3.2669465781727864,3.987544511847902
Extra Trees,Italy,7.988627611059096,8.610013296453195
Extra Trees,Latvia,1.842886655356017,2.1108472493205874
Extra Trees,Lithuania,5.868594656679633,5.8808428931494285
Extra Trees,Luxembourg,1.4738075925029706,1.6595478116285276
Extra Trees,Malta,2.915680445080325,3.006076978782396
Extra Trees,Moldova,8.801102231915639,9.439026307001471
Extra Trees,Montenegro,3.3372874173853333,4.21566023394227
Extra Trees,Netherlands,2.4648143996654936,2.686386329604166
Extra Trees,North Macedonia,6.751102284668791,7.378267533663535
Extra Trees,Norway,1.055648770011402,1.1807992150154742
Extra Trees,Poland,0.7108290330336189,0.8270391130273058
Extra Trees,Portugal,3.7693428649526424,3.8930629873916627
Extra Trees,Romania,6.641783037494852,6.717764817527591
Extra Trees,Russian Federation,2.4754715811638506,2.7958034911391088
Extra Trees,Serbia,3.5066312546470626,3.9682050244471787
Extra Trees,Slovak Republic,3.037251113322398,3.792123765569762
Extra Trees,Slovenia,1.4669700405234067,1.5809271328816996
Extra Trees,Spain,0.8472808775273336,1.1278951134277364
Extra Trees,Sweden,2.306931808878184,2.4553780352241503
Extra Trees,Switzerland,3.269590161073981,3.31252928416983
Extra Trees,Turkiye,12.9325604507554,13.32789268719271
Extra Trees,Ukraine,1.0793410436301112,1.1731315484718787
Extra Trees,United Kingdom,1.628284350612543,1.8101118577891822
Gradient Boosting,Albania,5.455109445770452,6.468205295195919
Gradient Boosting,Austria,0.9147009965742428,0.9471326388026436
Gradient Boosting,Belarus,2.7924126502617126,2.9461542733445305
Gradient Boosting,Belgium,4.377098548598409,4.434774562141201
Gradient Boosting,Bosnia and Herzegovina,4.349949367163892,4.459647392085557
Gradient Boosting,Bulgaria,2.627093246797125,2.70812251564393
Gradient Boosting,Croatia,6.369727170009696,6.542220836873633
Gradient Boosting,Cyprus,1.7257858066833989,2.219112975605151
Gradient Boosting,Czechia,0.6671642699708571,0.8281547469525024
Gradient Boosting,Denmark,0.4822721411701195,0.5735915800177742
Gradient Boosting,Estonia,3.9276814497581514,4.441387426042478
Gradient Boosting,Finland,1.115868431547824,1.3240919723575006
Gradient Boosting,France,1.427131981349507,1.7064048325591843
Gradient Boosting,Germany,1.6662126111471878,1.8639801775836873
Gradient Boosting,Greece,1.7848940698998959,2.2107517144863227
Gradient Boosting,Hungary,3.5604979280357214,3.8204388317530382
Gradient Boosting,Iceland,4.653077487113615,6.231376602730238
Gradient Boosting,Ireland,3.6732821698376967,4.659487189702106
Gradient Boosting,Italy,6.2972999517281565,6.96583902762333
Gradient Boosting,Latvia,1.0472709892979934,1.1623298907718025
Gradient Boosting,Lithuania,3.8800048898392534,3.904099301467164
Gradient Boosting,Luxembourg,3.316048945596981,3.590927582183586
Gradient Boosting,Malta,4.8269191212455045,4.967055605050121
Gradient Boosting,Moldova,7.576730101155663,8.539674779934941
Gradient Boosting,Montenegro,3.3465217337758375,4.362327659703743
Gradient Boosting,Netherlands,1.4802704788075374,2.0607143348481447
Gradient Boosting,North Macedonia,10.117289160215638,10.354767976145315
Gradient Boosting,Norway,0.8889247601764054,0.9809619132472263
Gradient Boosting,Poland,1.6036964427530052,1.8517874095569893
Gradient Boosting,Portugal,2.8942763652570194,3.0570576022426543
Gradient Boosting,Romania,8.196212866353529,8.228655196292276
Gradient Boosting,Russian Federation,1.3627399504116624,1.4948888283235953
Gradient Boosting,Serbia,2.8793227213899457,3.701814075111603
Gradient Boosting,Slovak Republic,2.9022127720341273,3.443535151914045
Gradient Boosting,Slovenia,0.9847867994603547,1.0008122681351268
Gradient Boosting,Spain,2.968146858913852,3.4359541207416346
Gradient Boosting,Sweden,3.2699052875672066,3.310686836438331
Gradient Boosting,Switzerland,2.9154723254931865,3.0617689175092333
Gradient Boosting,Turkiye,13.098685233200058,13.364174435663378
Gradient Boosting,Ukraine,2.7275713323947977,2.8353595574424717
Gradient Boosting,United Kingdom,0.9206580997241929,0.964231693608887
LASSO,Albania,4.1932115360292626,4.8868624260985705
LASSO,Austria,4.27866882571154,4.288339197611318
LASSO,Belarus,0.8805330635863982,1.0866765360521073
LASSO,Belgium,10.120505151275292,10.140654255222627
LASSO,Bosnia and Herzegovina,9.604211962650645,9.772253406225554
LASSO,Bulgaria,1.1948020037557086,1.3404547146966739
LASSO,Croatia,8.891963937393513,9.04062484896602
LASSO,Cyprus,2.3047400368218858,2.5291648033726073
LASSO,Czechia,1.3915265405650672,1.4868220633727909
LASSO,Denmark,0.2985701255296703,0.36032848983555005
LASSO,Estonia,3.8139868808941655,4.343045408712876
LASSO,Finland,4.138071216428156,4.193973403670438
LASSO,France,3.2907824133571126,3.550110826117288
LASSO,Germany,1.158926052345214,1.3572376214657844
LASSO,Greece,5.121993836970577,5.349240024417247
LASSO,Hungary,6.547996455897757,6.670554030480168
LASSO,Iceland,5.9370299539910265,6.263296264971806
LASSO,Ireland,2.7013207904782464,2.9656333426273047
LASSO,Italy,13.213142324188698,13.274080241965196
LASSO,Latvia,1.341837295058059,1.5899394833367984
LASSO,Lithuania,5.914662013770803,6.012363307909086
LASSO,Luxembourg,5.983343376950513,5.984707581803296
LASSO,Malta,1.461108127017819,1.6778198986784048
LASSO,Moldova,6.329648343134982,6.670690483397638
LASSO,Montenegro,7.024750033756898,8.090079206690492
LASSO,Netherlands,7.270264776388691,7.3445029532460975
LASSO,North Macedonia,14.685460825301169,14.922545436073506
LASSO,Norway,1.6184317802570747,1.9951993452518846
LASSO,Poland,6.727103388509403,6.853372050163409
LASSO,Portugal,2.364412340431181,2.853523568763492
LASSO,Romania,10.527732635799104,10.612407297761676
LASSO,Russian Federation,4.788449113675796,5.024072859891598
LASSO,Serbia,5.302965110457078,6.090372806271122
LASSO,Slovak Republic,2.438485600326473,2.5068434472680114
LASSO,Slovenia,2.985245557016384,3.5838447123857806
LASSO,Spain,3.9820998735542643,4.025580815724899
LASSO,Sweden,2.8283231331197554,2.8841803697334942
LASSO,Switzerland,6.310268658092932,6.326039431525814
LASSO,Turkiye,17.214070082518347,17.307859053671862
LASSO,Ukraine,4.759368822484646,4.7703446274759145
LASSO,United Kingdom,1.4893192199675838,1.720231186545805
Linear Regression,Albania,3.8599165635170025,4.5740553442466405
Linear Regression,Austria,4.904238662972427,4.923993681751305
Linear Regression,Belarus,3.243903358321242,3.274017461094476
Linear Regression,Belgium,11.129631813026549,11.147686149158362
Linear Regression,Bosnia and Herzegovina,9.355903251331629,9.539762776268656
Linear Regression,Bulgaria,1.0163649555224026,1.159014651268604
Linear Regression,Croatia,9.861110730852221,10.031319367240002
Linear Regression,Cyprus,1.5255836556589089,1.8793962642813427
Linear Regression,Czechia,1.4293967322482701,1.663840133745604
Linear Regression,Denmark,0.3869655114475762,0.6027897798686126
Linear Regression,Estonia,2.2204932186698327,2.663236178044199
Linear Regression,Finland,6.263585849391046,6.303380443549689
Linear Regression,France,3.885402546996633,4.093807900720858
Linear Regression,Germany,1.0888380683448162,1.439088878996015
Linear Regression,Greece,5.279973846886419,5.5823760292624724
Linear Regression,Hungary,6.49368353138392,6.587015202898828
Linear Regression,Iceland,5.0414191997464055,5.440091717469776
Linear Regression,Ireland,2.6484080722298016,2.7565245711997424
Linear Regression,Italy,13.473752106886547,13.544088462875955
Linear Regression,Latvia,3.2218157118618564,3.3963157727860915
Linear Regression,Lithuania,4.650423945233865,4.868894681448452
Linear Regression,Luxembourg,6.60404279881209,6.611212584143015
Linear Regression,Malta,0.9811665688295406,1.2645071664663996
Linear Regression,Moldova,5.122726249139151,5.698845545061792
Linear Regression,Montenegro,8.410032138990713,9.481704023195185
Linear Regression,Netherlands,6.975719501648584,7.0506359534933445
Linear Regression,North Macedonia,15.962389409389345,16.20597901579978
Linear Regression,Norway,2.7182854504335694,2.997289932789442
Linear Regression,Poland,8.290047978389092,8.351190575037515
Linear Regression,Portugal,3.269309184585964,3.7779748279537175
Linear Regression,Romania,10.490662222397775,10.542732320047877
Linear Regression,Russian Federation,3.3449395902887487,3.690093357895122
Linear Regression,Serbia,5.437284458136594,6.290515946559216
Linear Regression,Slovak Republic,2.111465256455901,2.2447601496560345
Linear Regression,Slovenia,3.894565408593297,4.50784204946313
Linear Regression,Spain,5.070490883639968,5.119056051931692
Linear Regression,Sweden,1.4289228253260746,1.4870999433788716
Linear Regression,Switzerland,6.220604831795393,6.240909612504791
Linear Regression,Turkiye,17.243276905172014,17.360014525304486
Linear Regression,Ukraine,7.003215407097362,7.010463989034355
Linear Regression,United Kingdom,3.396071040065178,3.5234013361574457
Random Forest,Albania,6.430878021157691,7.225058475916275
Random Forest,Austria,1.6371368943143068,1.7202921125375616
Random Forest,Belarus,4.797248351543075,4.932995369914757
Random Forest,Belgium,0.9379790211159105,1.1205175779263246
Random Forest,Bosnia and Herzegovina,5.034336999569082,5.300727829907931
Random Forest,Bulgaria,2.2021806312268666,2.2947603010842723
Random Forest,Croatia,6.0983332267537635,6.23437455591962
Random Forest,Cyprus,2.060263334074429,2.5566584797233656
Random Forest,Czechia,0.725568081218708,0.8918780079938943
Random Forest,Denmark,0.8647605532867771,1.1204825941888619
Random Forest,Estonia,5.33449704700206,6.038991670596745
Random Forest,Finland,2.8843304449623957,3.1084307640266893
Random Forest,France,1.3207508189313188,1.5643628898083832
Random Forest,Germany,0.7805786395758816,1.340468732731516
Random Forest,Greece,2.0833158377722443,2.3213767933165643
Random Forest,Hungary,3.4229629367507926,3.7944331824396125
Random Forest,Iceland,6.254486792676824,8.688527201262886
Random Forest,Ireland,2.1663994270771356,2.991392675907119
Random Forest,Italy,8.541876965733183,9.222601406145701
Random Forest,Latvia,1.777651016810097,2.0480251208279863
Random Forest,Lithuania,4.979568482377272,5.019629193353778
Random Forest,Luxembourg,2.611681876106266,2.715484052250511
Random Forest,Malta,3.9128878928025714,4.0754184715024735
Random Forest,Moldova,7.386317796356465,8.248012164647939
Random Forest,Montenegro,4.022397261616591,5.222881099851365
Random Forest,Netherlands,1.5745902778934067,2.041553842944023
Random Forest,North Macedonia,7.918118065615093,8.35812696085475
Random Forest,Norway,0.712777043229309,0.8899972752102964
Random Forest,Poland,1.3439040798253274,1.5007122196881595
Random Forest,Portugal,4.029436693019195,4.080966217086797
Random Forest,Romania,10.159691085586108,10.19070191922505
Random Forest,Russian Federation,2.3040273350713987,2.586114118064368
Random Forest,Serbia,3.2838744081760014,3.779530914188768
Random Forest,Slovak Republic,2.953908221746059,3.6229162755021678
Random Forest,Slovenia,0.9348003751592188,1.157715348877367
Random Forest,Spain,0.8029385453849442,0.9386296413026183
Random Forest,Sweden,2.7815984942200287,2.9710587634654044
Random Forest,Switzerland,2.947171671303866,3.0741396486782824
Random Forest,Turkiye,17.968029721618127,18.038358766482663
Random Forest,Ukraine,1.3421785446823005,1.4684403015218819
Random Forest,United Kingdom,2.2951776699124538,2.4991248769376453
Ridge,Albania,3.8696795293788355,4.5792578162365025
Ridge,Austria,4.817379686718939,4.831560551664853
Ridge,Belarus,2.4863579368611513,2.5296330880658786
Ridge,Belgium,10.820905752702837,10.836924017032514
Ridge,Bosnia and Herzegovina,9.334988645936722,9.49937100602508
Ridge,Bulgaria,1.0111043035940894,1.1364644905329735
Ridge,Croatia,9.589027073280743,9.738704297381398
Ridge,Cyprus,1.6095190394547643,1.8617944138457678
Ridge,Czechia,1.3293679848875541,1.535807236893181
Ridge,Denmark,0.2648812770086749,0.4941582325772073
Ridge,Estonia,2.5768398676850977,3.0733107716514394
Ridge,Finland,5.696488359221126,5.735009548764316
Ridge,France,3.628532770557766,3.8365564437266273
Ridge,Germany,1.108515950114338,1.4239968905341118
Ridge,Greece,5.519565176848211,5.785906119870552
Ridge,Hungary,6.47306960754639,6.5675229852897665
Ridge,Iceland,5.269320550456817,5.656522075102523
Ridge,Ireland,2.517784808363598,2.663994084158822
Ridge,Italy,13.449231557905687,13.514566517633202
Ridge,Latvia,2.6725104480457107,2.873563416927049
Ridge,Lithuania,4.86019519438859,5.053002330233988
Ridge,Luxembourg,6.256839773333063,6.261415482657811
Ridge,Malta,0.9884066899373252,1.2726081811562786
Ridge,Moldova,5.579614676278045,6.0769943749253725
Ridge,Montenegro,7.730566609986535,8.86408270365443
Ridge,Netherlands,7.106776081023503,7.181511057280403
Ridge,North Macedonia,15.585847124548234,15.818817337414115
Ridge,Norway,2.6243080532533183,2.9116274249720044
Ridge,Poland,7.918158436124111,7.982913734995663
Ridge,Portugal,2.835159776155899,3.352076864435881
Ridge,Romania,10.603835609636674,10.65521302063956
Ridge,Russian Federation,3.639994006576623,3.968195261361422
Ridge,Serbia,5.348685667749311,6.161607422572099
Ridge,Slovak Republic,2.16813683164402,2.235276234994272
Ridge,Slovenia,3.681196707033584,4.284673284701771
Ridge,Spain,4.851749993146001,4.892653026642069
Ridge,Sweden,1.790186107621261,1.8385513373227722
Ridge,Switzerland,6.1822767983641285,6.201016438219783
Ridge,Turkiye,17.87933383535941,17.987865905660513
Ridge,Ukraine,6.2159609182780855,6.222418713232657
Ridge,United Kingdom,2.7679498504333395,2.9253201723497373
SVR,Albania,5.858563663598183,6.910189787413567
SVR,Austria,0.6297183491419475,0.6489725483749212
SVR,Belarus,1.3157126096630491,1.423050326955572
SVR,Belgium,7.280740930705403,7.462530075467472
SVR,Bosnia and Herzegovina,2.3886071599108787,3.0004936713944037
SVR,Bulgaria,1.7891260060009102,2.346418036142339
SVR,Croatia,5.215096530777515,5.525133581136409
SVR,Cyprus,1.93407771914691,2.286546170116019
SVR,Czechia,1.088737265684682,1.4505565935327902
SVR,Denmark,1.2542229523368575,1.3700768115435802
SVR,Estonia,3.9827379462587515,4.4709541304308855
SVR,Finland,1.5078711782522844,1.8829002678485887
SVR,France,1.4238292328883886,1.6314816836239778
SVR,Germany,0.7044552658484804,0.7560333917447343
SVR,Greece,1.8746743270989186,1.9716985158728515
SVR,Hungary,1.7542835828400172,2.297159996317882
SVR,Iceland,4.570987491168663,5.2843358800878155
SVR,Ireland,3.6912659371477927,4.503858201471734
SVR,Italy,6.5609317665029625,7.454090638581947
SVR,Latvia,3.1855616898110837,3.6908474472758663
SVR,Lithuania,6.62796881446368,6.800469357087784
SVR,Luxembourg,3.757877009659501,4.2895714826989755
SVR,Malta,1.6234180892024341,2.899759769814298
SVR,Moldova,8.987559231430865,9.483546354195937
SVR,Montenegro,3.9333733018010264,4.703116885156368
SVR,Netherlands,4.743619315080011,5.058198250716144
SVR,North Macedonia,4.946325753557479,6.029274532747916
SVR,Norway,0.9913835757514817,1.6410590102998093
SVR,Poland,1.259778908216714,1.6493251265663529
SVR,Portugal,2.086934744605048,2.223177533686269
SVR,Romania,1.4607269796421931,1.5193895513313547
SVR,Russian Federation,1.9535962364565165,2.41130687473474
SVR,Serbia,1.6445820872320467,2.150929858632379
SVR,Slovak Republic,2.7101954588646806,3.3090642295022246
SVR,Slovenia,1.966499076358184,2.3380938713889243
SVR,Spain,2.7395558403051496,3.061194871551486
SVR,Sweden,4.064718141532092,4.600040986524629
SVR,Switzerland,2.0283753128138273,2.346438226218087
SVR,Turkiye,14.008633257379092,15.973329898977017
SVR,Ukraine,1.6094895213787221,1.732397723129868
SVR,United Kingdom,1.678752823966579,2.204188303703992
XGBoost,Albania,3.5855627380371105,4.648938741314535
XGBoost,Austria,0.977886022949221,1.1715411781006186
XGBoost,Belarus,1.2613089233398456,1.403291546682325
XGBoost,Belgium,1.7586656005859396,1.8280921814787756
XGBoost,Bosnia and Herzegovina,4.162836853027343,4.477822914681257
XGBoost,Bulgaria,1.1446866210937514,1.3984920052635308
XGBoost,Croatia,6.074391296386716,6.171853814647387
XGBoost,Cyprus,1.8681967285156247,2.3870521326981744
XGBoost,Czechia,0.9865456665039062,1.145713407307487
XGBoost,Denmark,0.8907453857421899,1.0598248192853639
XGBoost,Estonia,3.799983984375001,4.335093905223379
XGBoost,Finland,1.1588675415039091,1.6032856082378026
XGBoost,France,0.8934516967773447,1.0746626400888308
XGBoost,Germany,1.4507240112304658,1.6371542835151491
XGBoost,Greece,1.835331988525391,2.4060651959699344
XGBoost,Hungary,1.9268773071289047,2.135708092854742
XGBoost,Iceland,3.8188319824218753,4.623597606716171
XGBoost,Ireland,1.671222131347656,2.657641024345041
XGBoost,Italy,6.9387691162109375,7.633211339557381
XGBoost,Latvia,1.4275873413085918,1.6759235718780299
XGBoost,Lithuania,3.119440869140624,3.1919169518051707
XGBoost,Luxembourg,1.9524847534179686,2.2187568602006507
XGBoost,Malta,0.882202856445312,1.1930079416154902
XGBoost,Moldova,4.651994622802738,5.740321832015746
XGBoost,Montenegro,3.6617891784667975,4.716721211981764
XGBoost,Netherlands,1.5628653076171843,1.8326090955218053
XGBoost,North Macedonia,9.900635974121094,10.602197804377198
XGBoost,Norway,1.1151723266601579,1.3352224006414635
XGBoost,Poland,1.1820221557617203,1.5495765408917785
XGBoost,Portugal,1.9273969970703149,2.225197273907597
XGBoost,Romania,8.010504815673828,8.031278360429916
XGBoost,Russian Federation,0.6738963012695336,1.0769051393493079
XGBoost,Serbia,3.16647018432617,3.783584526572491
XGBoost,Slovak Republic,2.434263073730469,2.7316686277338134
XGBoost,Slovenia,1.0190730712890628,1.599726222059801
XGBoost,Spain,2.4796537719726586,2.940956164724214
XGBoost,Sweden,2.272295642089844,2.4496543785956755
XGBoost,Switzerland,3.3361633178710917,3.5009825242293378
XGBoost,Turkiye,12.817425903320313,13.242191466634031
XGBoost,Ukraine,1.7162731424967461,1.9631515686503278
XGBoost,United Kingdom,0.9156821411132796,0.9993788661765979
